{
  "dataset_name": "gabrielchua/system-prompt-leakage",
  "embedding_model": "sentence-transformers/all-MiniLM-L6-v2",
  "cache_path": "C:\\Users\\liat\\Documents\\work\\secure-slm-gateway\\artifacts\\system_prompt_leakage_output_guard\\cache\\embeddings_sentence_transformers_all_MiniLM_L6_v2_train20000_eval5000.npz",
  "test": {
    "accuracy": 0.9792,
    "f1_macro": 0.9791999966719995,
    "f1_binary": 0.9791916766706683,
    "classification_report": {
      "0": {
        "precision": 0.9788169464428457,
        "recall": 0.9796,
        "f1-score": 0.9792083166733306,
        "support": 2500.0
      },
      "1": {
        "precision": 0.9795836669335468,
        "recall": 0.9788,
        "f1-score": 0.9791916766706683,
        "support": 2500.0
      },
      "accuracy": 0.9792,
      "macro avg": {
        "precision": 0.9792003066881962,
        "recall": 0.9792000000000001,
        "f1-score": 0.9791999966719995,
        "support": 5000.0
      },
      "weighted avg": {
        "precision": 0.9792003066881961,
        "recall": 0.9792,
        "f1-score": 0.9791999966719995,
        "support": 5000.0
      }
    },
    "confusion_matrix": [
      [
        2449,
        51
      ],
      [
        53,
        2447
      ]
    ]
  }
}